question,correlation_with_total,importance
Q1,0.137,Средняя
Q2,0.304,Высокая
Q3,0.246,Средняя
Q4,0.273,Средняя
Q5,0.316,Высокая
Q6,0.221,Средняя
Q7,0.071,Низкая
Q8,0.124,Средняя
Q9,-0.012,Низкая
Q10,0.227,Средняя
Q11,0.269,Средняя
Q12,0.031,Низкая
Q13,0.236,Средняя
Q14,0.2,Средняя
Q15,0.155,Средняя
Q16,0.304,Высокая
Q17,0.265,Средняя
Q18,0.38,Высокая
Q19,0.284,Средняя
Q20,0.117,Средняя
